Test,Temps (s)
Processeur,0.0791163444519043
Mémoire,0.0791163444519043
Disque,0.0791163444519043
Réseau,0.0791163444519043
Combiné,0.0
