t_s,system_cpu_pct,process_cpu_pct,process_rss_gb,available_memory_gb,used_memory_pct,system_disk_read_mb,system_disk_write_mb
0.0003765001893043518,0.0,0.0,0.105010986328125,2.2442703247070312,71.5,194824.404296875,190593.92822265625
0.4346715002320707,88.9,62.9,0.108245849609375,2.222980499267578,71.8,194829.11669921875,190594.15234375
