t_s,system_cpu_pct,process_cpu_pct,process_rss_gb,available_memory_gb,used_memory_pct,system_disk_read_mb,system_disk_write_mb
0.0003118002787232399,0.0,0.0,0.10871124267578125,2.2315330505371094,71.7,194829.537109375,190594.1572265625
0.5020233001559973,72.7,103.1,0.35874176025390625,1.9845848083496094,74.8,194832.626953125,190594.1806640625
1.006105300039053,65.9,84.4,0.35874176025390625,1.9899673461914062,74.8,194835.435546875,190594.1806640625
1.253401200287044,78.1,100.0,0.10873794555664062,2.2570571899414062,71.4,194836.177734375,190594.388671875
